Model Name,Model Category,Feature Count,Qubit Count,Noise Condition,Accuracy,Balanced Accuracy,Sensitivity,Specificity,Precision,F1-score,ROC-AUC,False Positives,False Negatives
4-Qubit Noiseless VQC,Hybrid Quantum (VQC),4,4,Noiseless (default.qubit),0.5267,0.5269,0.4978,0.5561,0.533,0.5148,0.5147,99,114
4-Qubit Noisy VQC,Hybrid Quantum (VQC),4,4,"Simulated NISQ (depol=0.01, phase=0.01)",0.5267,0.527,0.4934,0.5605,0.5333,0.5126,0.5174,98,115
6-Qubit Noiseless VQC,Hybrid Quantum (VQC),6,6,Noiseless (default.qubit),0.5311,0.5292,0.7445,0.3139,0.5248,0.6157,0.5555,153,58
8-Qubit Noiseless VQC,Hybrid Quantum (VQC),8,8,Noiseless (default.qubit),0.4844,0.485,0.4273,0.5426,0.4874,0.4554,0.499,102,130
Logistic Regression (4 Feats),Classical ML,4,0,None (Classical CPU),0.5178,0.5172,0.5815,0.4529,0.5197,0.5489,0.5256,122,95
Classical Linear SVM (4 Feats),Classical ML,4,0,None (Classical CPU),0.5089,0.5088,0.5198,0.4978,0.513,0.5164,0.4972,112,109
Classical RBF SVM (4 Feats),Classical ML,4,0,None (Classical CPU),0.5244,0.5246,0.511,0.5381,0.5297,0.5202,0.5318,103,111
Logistic Regression (6 Feats),Classical ML,6,0,None (Classical CPU),0.54,0.5387,0.6828,0.3946,0.5345,0.5996,0.5531,135,72
Classical Linear SVM (6 Feats),Classical ML,6,0,None (Classical CPU),0.5044,0.5,1.0,0.0,0.5044,0.6706,0.4541,223,0
Classical RBF SVM (6 Feats),Classical ML,6,0,None (Classical CPU),0.5467,0.5461,0.6079,0.4843,0.5455,0.575,0.5316,115,89
Classical Linear SVM (8 Feats),Classical ML,8,0,None (Classical CPU),0.5044,0.5,1.0,0.0,0.5044,0.6706,0.5065,223,0
Classical RBF SVM (8 Feats),Classical ML,8,0,None (Classical CPU),0.5044,0.5,1.0,0.0,0.5044,0.6706,0.4879,223,0
